[
  {
    "CustomerId": 123,
    "PaymentAmount": 200.00,
    "PaymentDate": "2024-11-03T22:04:03.6264951+01:00",
    "IsPaymentValid": true,
    "PaymentStatus": "Completed"
  },
  {
    "CustomerId": 123,
    "PaymentAmount": 200.00,
    "PaymentDate": "2024-11-03T22:04:11.1420873+01:00",
    "IsPaymentValid": true,
    "PaymentStatus": "Completed"
  },
  {
    "CustomerId": 123,
    "PaymentAmount": 200.00,
    "PaymentDate": "2024-11-03T22:21:59.2027723+01:00",
    "IsPaymentValid": true,
    "PaymentStatus": "Completed"
  },
  {
    "CustomerId": 123,
    "PaymentAmount": 200.00,
    "PaymentDate": "2024-11-04T19:59:38.9275898+01:00",
    "IsPaymentValid": true,
    "PaymentStatus": "Completed"
  },
  {
    "CustomerId": 123,
    "PaymentAmount": 200.00,
    "PaymentDate": "2024-11-04T19:59:40.6073723+01:00",
    "IsPaymentValid": true,
    "PaymentStatus": "Completed"
  },
  {
    "CustomerId": 123,
    "PaymentAmount": 200.00,
    "PaymentDate": "2024-11-04T20:56:10.2617093+01:00",
    "IsPaymentValid": true,
    "PaymentStatus": "Completed"
  },
  {
    "CustomerId": 123,
    "PaymentAmount": 200.00,
    "PaymentDate": "2024-11-05T16:16:56.5157182+01:00",
    "IsPaymentValid": true,
    "PaymentStatus": "Completed"
  },
  {
    "CustomerId": 123,
    "PaymentAmount": 200.00,
    "PaymentDate": "2024-11-05T16:16:58.9491638+01:00",
    "IsPaymentValid": true,
    "PaymentStatus": "Completed"
  },
  {
    "CustomerId": 123,
    "PaymentAmount": 200.00,
    "PaymentDate": "2024-11-05T16:16:59.8351246+01:00",
    "IsPaymentValid": true,
    "PaymentStatus": "Completed"
  },
  {
    "CustomerId": 123,
    "PaymentAmount": 200.00,
    "PaymentDate": "2024-11-05T16:17:00.4945256+01:00",
    "IsPaymentValid": true,
    "PaymentStatus": "Completed"
  },
  {
    "CustomerId": 123,
    "PaymentAmount": 200.00,
    "PaymentDate": "2024-11-05T16:17:01.1282913+01:00",
    "IsPaymentValid": true,
    "PaymentStatus": "Completed"
  },
  {
    "CustomerId": 123,
    "PaymentAmount": 200.00,
    "PaymentDate": "2024-11-05T16:17:01.6985268+01:00",
    "IsPaymentValid": true,
    "PaymentStatus": "Completed"
  },
  {
    "CustomerId": 123,
    "PaymentAmount": 200.00,
    "PaymentDate": "2024-11-05T16:45:07.8594341+01:00",
    "IsPaymentValid": true,
    "PaymentStatus": "Completed"
  },
  {
    "CustomerId": 123,
    "PaymentAmount": 200.00,
    "PaymentDate": "2024-11-06T08:04:38.8665107+01:00",
    "IsPaymentValid": true,
    "PaymentStatus": "Completed"
  },
  {
    "CustomerId": 123,
    "PaymentAmount": 200.00,
    "PaymentDate": "2024-11-06T08:04:40.8687573+01:00",
    "IsPaymentValid": true,
    "PaymentStatus": "Completed"
  },
  {
    "CustomerId": 123,
    "PaymentAmount": 200.00,
    "PaymentDate": "2024-11-06T08:04:41.1526931+01:00",
    "IsPaymentValid": true,
    "PaymentStatus": "Completed"
  },
  {
    "CustomerId": 123,
    "PaymentAmount": 200.00,
    "PaymentDate": "2024-11-06T08:04:41.3438448+01:00",
    "IsPaymentValid": true,
    "PaymentStatus": "Completed"
  },
  {
    "CustomerId": 123,
    "PaymentAmount": 200.00,
    "PaymentDate": "2024-11-06T08:15:58.0811639+01:00",
    "IsPaymentValid": true,
    "PaymentStatus": "Completed"
  },
  {
    "CustomerId": 123,
    "PaymentAmount": 200.00,
    "PaymentDate": "2024-11-06T08:15:58.809896+01:00",
    "IsPaymentValid": true,
    "PaymentStatus": "Completed"
  }
]