[{"family":"MaterialIcons","fonts":[{"asset":"fonts/MaterialIcons-Regular.otf"}]},{"family":"packages/cupertino_icons/CupertinoIcons","fonts":[{"asset":"packages/cupertino_icons/assets/CupertinoIcons.ttf"}]},{"family":"packages/flutter_vector_icons/AntDesign","fonts":[{"asset":"packages/flutter_vector_icons/fonts/AntDesign.ttf"}]},{"family":"packages/flutter_vector_icons/Entypo","fonts":[{"asset":"packages/flutter_vector_icons/fonts/Entypo.ttf"}]},{"family":"packages/flutter_vector_icons/EvilIcons","fonts":[{"asset":"packages/flutter_vector_icons/fonts/EvilIcons.ttf"}]},{"family":"packages/flutter_vector_icons/Feather","fonts":[{"asset":"packages/flutter_vector_icons/fonts/Feather.ttf"}]},{"family":"packages/flutter_vector_icons/FontAwesome","fonts":[{"asset":"packages/flutter_vector_icons/fonts/FontAwesome.ttf"}]},{"family":"packages/flutter_vector_icons/FontAwesome5_Brands","fonts":[{"asset":"packages/flutter_vector_icons/fonts/FontAwesome5_Brands.ttf"}]},{"family":"packages/flutter_vector_icons/FontAwesome5_Regular","fonts":[{"asset":"packages/flutter_vector_icons/fonts/FontAwesome5_Regular.ttf"}]},{"family":"packages/flutter_vector_icons/FontAwesome5_Solid","fonts":[{"asset":"packages/flutter_vector_icons/fonts/FontAwesome5_Solid.ttf"}]},{"family":"packages/flutter_vector_icons/Fontisto","fonts":[{"asset":"packages/flutter_vector_icons/fonts/Fontisto.ttf"}]},{"family":"packages/flutter_vector_icons/Foundation","fonts":[{"asset":"packages/flutter_vector_icons/fonts/Foundation.ttf"}]},{"family":"packages/flutter_vector_icons/Ionicons","fonts":[{"asset":"packages/flutter_vector_icons/fonts/Ionicons.ttf"}]},{"family":"packages/flutter_vector_icons/MaterialCommunityIcons","fonts":[{"asset":"packages/flutter_vector_icons/fonts/MaterialCommunityIcons.ttf"}]},{"family":"packages/flutter_vector_icons/MaterialIcons","fonts":[{"asset":"packages/flutter_vector_icons/fonts/MaterialIcons.ttf"}]},{"family":"packages/flutter_vector_icons/Octicons","fonts":[{"asset":"packages/flutter_vector_icons/fonts/Octicons.ttf"}]},{"family":"packages/flutter_vector_icons/SimpleLineIcons","fonts":[{"asset":"packages/flutter_vector_icons/fonts/SimpleLineIcons.ttf"}]},{"family":"packages/flutter_vector_icons/Zocial","fonts":[{"asset":"packages/flutter_vector_icons/fonts/Zocial.ttf"}]},{"family":"packages/font_awesome_flutter/FontAwesomeBrands","fonts":[{"weight":400,"asset":"packages/font_awesome_flutter/lib/fonts/fa-brands-400.ttf"}]},{"family":"packages/font_awesome_flutter/FontAwesomeRegular","fonts":[{"weight":400,"asset":"packages/font_awesome_flutter/lib/fonts/fa-regular-400.ttf"}]},{"family":"packages/font_awesome_flutter/FontAwesomeSolid","fonts":[{"weight":900,"asset":"packages/font_awesome_flutter/lib/fonts/fa-solid-900.ttf"}]}]